node_1|node_2|edge|chunk_id
malware entity|darkbit ransomware|is-a|967cb2d39ec94d89a2182a5a9e7328b7
yara rules|malware analysis tool|used-for|967cb2d39ec94d89a2182a5a9e7328b7
darkbit ransomware|ransomware attack vector|causes|967cb2d39ec94d89a2182a5a9e7328b7
windows|operating system targeted by darkbit ransomware|targeted-at|967cb2d39ec94d89a2182a5a9e7328b7
albertzsigovits/malware|github repository for malware analysis notes and yara rules|hosts|967cb2d39ec94d89a2182a5a9e7328b7
readme.md|document containing information about darkbit ransomware|included-in|967cb2d39ec94d89a2182a5a9e7328b7
ransomware|malware category that includes darkbit ransomware|classified-as|967cb2d39ec94d89a2182a5a9e7328b7
darkbit/readme.md|file within the 'albertzsigovits/malware' repository containing information about darkbit ransomware|located-in|967cb2d39ec94d89a2182a5a9e7328b7
ransomware.darkbit.windows|9107be160f7b639d68fe3670de58ed254d81de6aec9a41ad58d91aa814a247ff|sha256_hash|c45103a1883548a3ab4db50364f6c439
ransomware.darkbit.windows|mingw-w64 runtime failure:|error_message|c45103a1883548a3ab4db50364f6c439
ransomware.darkbit.windows|go buildinf:|build_information|c45103a1883548a3ab4db50364f6c439
ransomware.darkbit.windows|cgo dummy export|cgo_export|c45103a1883548a3ab4db50364f6c439
ransomware.darkbit.windows|rstrtmgr.dll|dependency_library|c45103a1883548a3ab4db50364f6c439
ransomware.darkbit.windows|rmstartsession|function_call|c45103a1883548a3ab4db50364f6c439
ransomware.darkbit.windows|rmregisterresources|function_call|c45103a1883548a3ab4db50364f6c439
ransomware.darkbit.windows|rmgetlist|function_call|c45103a1883548a3ab4db50364f6c439
ransomware.darkbit.windows|rmshutdown|function_call|c45103a1883548a3ab4db50364f6c439
ransomware.darkbit.windows|rmendsession|function_call|c45103a1883548a3ab4db50364f6c439
ransomware.darkbit.windows|names|config_setting|c45103a1883548a3ab4db50364f6c439
ransomware.darkbit.windows|limits|config_setting|c45103a1883548a3ab4db50364f6c439
ransomware.darkbit.windows|extensions|config_setting|c45103a1883548a3ab4db50364f6c439
ransomware.darkbit.windows|processes|config_setting|c45103a1883548a3ab4db50364f6c439
ransomware.darkbit.windows|hostnames|config_setting|c45103a1883548a3ab4db50364f6c439
ransomware.darkbit.windows|darkbit.jpg|encrypted_file|c45103a1883548a3ab4db50364f6c439
ransomware.darkbit.windows|recovery_darkbit.txt|decryption_key_location|c45103a1883548a3ab4db50364f6c439
ransomware.darkbit.windows|darkbit|malware_name|c45103a1883548a3ab4db50364f6c439
malware entity|ransomware.darkbit.windows|is_a_type_of|49354ff71e4543348bb2afc450f3f70c
ransomware.darkbit.windows|malware|causes_damage_or_disruption|49354ff71e4543348bb2afc450f3f70c
malware|threat|poses_a_risk_to|49354ff71e4543348bb2afc450f3f70c
ransomware.darkbit.windows|windows ransomware darkbit|is_classified_as|49354ff71e4543348bb2afc450f3f70c
author|albertzsigovits|created_by|49354ff71e4543348bb2afc450f3f70c
date|2023-02-16|occurred_on|49354ff71e4543348bb2afc450f3f70c
filetype|pe|is_in_the_format_of|49354ff71e4543348bb2afc450f3f70c
threat|ransomware.darkbit.windows|posed_by|49354ff71e4543348bb2afc450f3f70c
sha256|9107be160f7b639d68fe3670de58ed254d81de6aec9a41ad58d91aa814a247ff|has_the_hash|49354ff71e4543348bb2afc450f3f70c
strings|$gob1, $gob2, $wyhash|contains|49354ff71e4543348bb2afc450f3f70c
$gob1|mov byte [r15 + 1], r8b; nop; mov r8, qword [rsp + 0x88]; shr r8, 4; add r15, 2; mov rax, qword [rsp + 0xb0]|is_a_piece_of|49354ff71e4543348bb2afc450f3f70c
$gob2|mov qword ptr ss:[rsp+d0], rax; lea rbx,qword ptr ss:[rsp+60]; xor eax,eax; mov ecx,6 [r8 + 0xf0]|is_another_piece_of|49354ff71e4543348bb2afc450f3f70c
$wyhash|mov r9, qword abs[rbx]; add r9, r10; movabs r11, ? 761d6478bd642f28b4a07e03e7; xor r11, r9|is_yet_another_piece_of|49354ff71e4543348bb2afc450f3f70c
malware entity|a related malware|entity_relationship|58012f0e8a9e4cfba6734cbd4c1396c9
4d 01 d1 49 bb db 28 b4 a0 d1 7e 03 e7|malware hash value|malware_hash|58012f0e8a9e4cfba6734cbd4c1396c9
$vss1|system variable storing malware information|variable_storage|58012f0e8a9e4cfba6734cbd4c1396c9
48 8b 94 24 ? ? ? ? 00 00 ptr ss:[rsp+c8]|memory location for storing 'delete' command|memory_allocation|58012f0e8a9e4cfba6734cbd4c1396c9
/quiet|command-line argument to suppress output during execution|command_argument|58012f0e8a9e4cfba6734cbd4c1396c9
vssadmin.exe|executable file used for managing volume shadow copies|file_reference|58012f0e8a9e4cfba6734cbd4c1396c9
$vss2|system variable storing malware information related to $vss1|variable_storage|58012f0e8a9e4cfba6734cbd4c1396c9
48 ba cb bb 16 11 b4 b1 42 rdx,ad42b1b41116bbcb|malware hash value related to the first malware sample|malware_hash|58012f0e8a9e4cfba6734cbd4c1396c9
memory location for storing 'delete' command (ss:[rsp+b1])|execution context for the delete command|memory_context|58012f0e8a9e4cfba6734cbd4c1396c9
malware entity|darkbit diary|contains information about|623a40ada486443db8edaf9b17a63376
sha256 hash|9107be160f7b639d68fe3670de58ed254d81de6aec9a41ad58d91aa814a247ff|matches the hash of|623a40ada486443db8edaf9b17a63376
packer status|none|indicates that there is no packer for this executable|623a40ada486443db8edaf9b17a63376
peinfo type|pe32+ executable (console) x86-64 (stripped to external pdb)|describes the format of the PE file|623a40ada486443db8edaf9b17a63376
language used|golang (cgo)|identifies the programming language and CGO status for this malware|623a40ada486443db8edaf9b17a63376
obfuscation technique|gobfuscate|indicates the use of a specific obfuscation tool or method|623a40ada486443db8edaf9b17a63376
hashing algorithm|wyhash hash algorithm and wyrand prng|specifies the type of hashing used by the malware|623a40ada486443db8edaf9b17a63376
ransomware mutex name|global\dbdbdbdb|identifies a mutex that may be used for ransomware operations|623a40ada486443db8edaf9b17a63376
ransomware note filename|recovery_darkbit.txt|refers to the file containing instructions or demands from the ransomware operators|623a40ada486443db8edaf9b17a63376
tor url|hxxp://iw6v2p3cruy7tqfup3yl4dgt4pfibfa3ai4zgnu5df2q3hus3lm7c7ad[.]onion/support|provides a TOR URL associated with the ransomware campaign for support or communication purposes|623a40ada486443db8edaf9b17a63376
tox id|ab33bc51afac64d98226826e70b483593c81cb22e6a3b504f7a75348c38c862f|identifies a TOX ID that may be used for communication or coordination among affected users or researchers|623a40ada486443db8edaf9b17a63376
virustotal perks vhash value|0560b76d5555151c051d1az3f1d&z1|refers to a hash-based identifier used by VirusTotal for its perks system|623a40ada486443db8edaf9b17a63376
malware entity|password|infection vector|223641f36e3649ffb3dd53ecc488b9b0
malware entity|path|execution path|223641f36e3649ffb3dd53ecc488b9b0
threads|t|malicious process|223641f36e3649ffb3dd53ecc488b9b0
username|username|authentication target|223641f36e3649ffb3dd53ecc488b9b0
virustotal perks|vhash:0560b76d5555151c051d1az3f1d&z1|malware hash identifier|223641f36e3649ffb3dd53ecc488b9b0
virustotal perks|authentihash:8a1db8d4c117daa25ab31735b9866cb989907cf524fe2c052ffa9e67f582c79c|malware authentication hash identifier|223641f36e3649ffb3dd53ecc488b9b0
virustotal perks|imphash:9bcadd8ed34a63728178995d1b006421|malware import hash identifier|223641f36e3649ffb3dd53ecc488b9b0
virustotal perks|"behaviour_files:""%homepath%\recovery_darkbit.txt"""|infection target file path|223641f36e3649ffb3dd53ecc488b9b0
virustotal perks|"behaviour_files:""%homepath%\appdata\recovery_darkbit.txt"""|additional infection target file path|223641f36e3649ffb3dd53ecc488b9b0
malware entity|global\dbdbdbdb|malicious registry key|223641f36e3649ffb3dd53ecc488b9b0
virustotal perks|limits: [{'limitmb': 25, 'parts': 1, 'eachpart': 1}]|malware analysis settings (file size limit)|223641f36e3649ffb3dd53ecc488b9b0
virustotal perks|extensions: {'msilog': 1, 'log': 1, 'ldf': 1, 'lock': 1}|malware analysis settings (allowed file extensions)|223641f36e3649ffb3dd53ecc488b9b0
malware entity|msi: 1, 'sys': 1, 'wpx': 1, 'cpl': 1, 'adv': 1, 'msc': 1, 'scr': 1, 'key': 1, 'ico': 1, 'dll': 1, 'hta': 1|malware file type analysis setting|223641f36e3649ffb3dd53ecc488b9b0
malware entity|deskthemepack: 1, 'nomedia': 1, 'msu': 1, 'rtp': 1, 'msp': 1, 'idx': 1, 'ani': 1, '386': 1, 'diagcfg': 1|malware additional file type analysis setting|223641f36e3649ffb3dd53ecc488b9b0
malware entity|bin: 1, 'mod': 1, 'ics': 1, 'com': 1|malware miscellaneous file type analysis setting|223641f36e3649ffb3dd53ecc488b9b0
darkbit malware|ransomware attack|causes|cb53558c63fb496e87732213f41ab986
darkbit malware|recovery process|requires|cb53558c63fb496e87732213f41ab986
thumbs.db file|malware persistence mechanism|used for|cb53558c63fb496e87732213f41ab986
darkbit malware|exploited vulnerability|took advantage of|cb53558c63fb496e87732213f41ab986
recovery process|malware analysis report|based on information from|cb53558c63fb496e87732213f41ab986
technion network|hacked by unknown entities|victim-attacker relationship|2643bdd7b5db4e0fa45c27824faec2c1
unknown entities|transfered all data to secure servers|data exfiltration|2643bdd7b5db4e0fa45c27824faec2c1
technion network|encrypted files using aes-256 algorithm|cybersecurity measure - encryption|2643bdd7b5db4e0fa45c27824faec2c1
unknown entities|demanding payment for decryption key|ransomware attack|2643bdd7b5db4e0fa45c27824faec2c1
technion administration|responsible for following up on payment procedure and recovering network|responsibility - cybersecurity incident management|2643bdd7b5db4e0fa45c27824faec2c1
tox messenger|contact method provided by unknown entities for personal file recovery|communication channel in a cyberattack scenario|2643bdd7b5db4e0fa45c27824faec2c1
unknown entities|referred to as high-skilled experts who were fired from high-tech companies|former employee - retaliation relationship|2643bdd7b5db4e0fa45c27824faec2c1
payment method|http://iw6v2p3cruy7tqfup3yl4dgt4pfibfa3ai4zgnu5df2q3hus3lm7c7ad.onion/support|payment_instructions|9f11466424714db4b1c6ded8954afee7
payment method|80 btc|currency_amount|9f11466424714db4b1c6ded8954afee7
decrypting key|after payment|key_delivery|9f11466424714db4b1c6ded8954afee7
darkbit|data for sale after 5 days|threat_warning|9f11466424714db4b1c6ded8954afee7
mercury|mango sandstorm|synonym|a2d3c39647e844719da98d397a33e2dd
dev-1084|storm-1084|synonym|a2d3c39647e844719da98d397a33e2dd
mercury|nation-state actor|type_of|a2d3c39647e844719da98d397a33e2dd
dev-1084|threat actor|type_of|a2d3c39647e844719da98d397a33e2dd
mercury|iranian government|associated_with|a2d3c39647e844719da98d397a33e2dd
dev-1084|unknown entity|related_to|a2d3c39647e844719da98d397a33e2dd
mercury|on-premises environments|targeted|a2d3c39647e844719da98d397a33e2dd
dev-1084|cloud resources|targeted|a2d3c39647e844719da98d397a33e2dd
mercury|destructive operations|conducts|a2d3c39647e844719da98d397a33e2dd
dev-1084|unrecoverable actions|performed|a2d3c39647e844719da98d397a33e2dd
microsoft threat intelligence|detection of attack|responsible_for|a2d3c39647e844719da98d397a33e2dd
microsoft security blog|information on taxonomy change|source_of|a2d3c39647e844719da98d397a33e2dd
naming taxonomy|theme of weather|based_on|a2d3c39647e844719da98d397a33e2dd
new taxonomy|complete mapping of threat actor names|enables|a2d3c39647e844719da98d397a33e2dd
mercury|known vulnerabilities in unpatched applications|exploited for initial access|6053647a7aa04f3bac6c89249ccce747
dev-1084|mercury's exploited vulnerabilities|received and expanded upon access provided by MERCURY|6053647a7aa04f3bac6c89249ccce747
dev-1084|highly privileged compromised credentials|used to perform en masse destruction of resources|6053647a7aa04f3bac6c89249ccce747
microsoft 365 defender|dev-1084's tools and tactics|capable of detecting with detailed information provided to customers for environment security|6053647a7aa04f3bac6c89249ccce747
microsoft defender for identity|dev-1084's activities|helps in identifying and responding to threats|6053647a7aa04f3bac6c89249ccce747
microsoft defender for cloud applications|dev-1084's tools|capable of detecting with information shared to assist in security measures|6053647a7aa04f3bac6c89249ccce747
microsoft defender antivirus|dev-1084's malware|designed to protect against and detect malicious software|6053647a7aa04f3bac6c89249ccce747
microsoft defender for endpoint|dev-1084's attacks|provides advanced threat protection with automated investigation and remediation capabilities|6053647a7aa04f3bac6c89249ccce747
dev-1084|unknown threat activity cluster|tracking_designation|b2a0c29983a3461d8752fa59187efec7
mercury|iran-based actor linked to mois|association_with|b2a0c29983a3461d8752fa59187efec7
dev-1084|mercury (as an iran-based actor)|linkage_to|b2a0c29983a3461d8752fa59187efec7
darkbit persona|dev-1084 adopted to obfuscate origins|adoption_of|b2a0c29983a3461d8752fa59187efec7
microsoft|tracks dev-1084 as a unique set of information|tracking_by|b2a0c29983a3461d8752fa59187efec7
dev-1084|microsoft tracks it under the dev-#### designation|tracked_as|b2a0c29983a3461d8752fa59187efec7
iran's ministry of intelligence and security (mois)|mercury is linked to by us cyber command|linkage_to|b2a0c29983a3461d8752fa59187efec7
dev-1084|mercury|affiliation|6ad76b0a747b44f1a6a2760ee20e145f
146.70.106[.]89|vatacloud[.]com|c2_relationship|6ad76b0a747b44f1a6a2760ee20e145f
mullvad vpn|c2 infrastructure|use_in_operation|6ad76b0a747b44f1a6a2760ee20e145f
rport|malware tool|used_by_DEV-1084|6ad76b0a747b44f1a6a2760ee20e145f
ligolo|customized malware version|created_by_MERCURY|6ad76b0a747b44f1a6a2760ee20e145f
unpatched internet-facing device|vulnerability|exploited_by_DEV-1084|6ad76b0a747b44f1a6a2760ee20e145f
log4j 2 vulnerabilities|exposed vulnerable applications|exploited|20ad2a5f91eb43d18079bbe2aa9cfd22
web shells|threat actors|installed by|20ad2a5f91eb43d18079bbe2aa9cfd22
local user account|threat actors|created by|20ad2a5f91eb43d18079bbe2aa9cfd22
rport, ligolo and ehorus|legitimate remote access tools|used as|20ad2a5f91eb43d18079bbe2aa9cfd22
powershell script backdoor|customized by||20ad2a5f91eb43d18079bbe2aa9cfd22
netstat and nltest|windows tools for discovery activities|utilized in|20ad2a5f91eb43d18079bbe2aa9cfd22
credentials|acquired by threat actors|stolen|20ad2a5f91eb43d18079bbe2aa9cfd22
powershell commands|windows management instrumentation (wmi)|executed via|20ad2a5f91eb43d18079bbe2aa9cfd22
persistence mechanisms|threat actors|implemented by|20ad2a5f91eb43d18079bbe2aa9cfd22
lateral movement actions|infected devices|performed on|20ad2a5f91eb43d18079bbe2aa9cfd22
threat actors|c2 servers|uses|e28d501d0ff742698352d0539dc07dff
threat actors|ligolo and openssh tunnelling tools|use to stay under the radar of security teams and solutions|e28d501d0ff742698352d0539dc07dff
malware entity|netlogon shares on several domain controllers|stages ransomware payload in|e28d501d0ff742698352d0539dc07dff
threat actors|group policy objects (gpo)|interfere with security tools using|e28d501d0ff742698352d0539dc07dff
threat actors|scheduled task to launch ransomware payload|register using GPO again|e28d501d0ff742698352d0539dc07dff
ransomware entity|files on the file system of targeted devices|encrypts changing extension to DARKBIT and dropping ransom notes|e28d501d0ff742698352d0539dc07dff
ad ds connector account|msol_ prefixed account with a long complex password|credential extraction using AADInternals tool|e77e74ed236646d98a7b333234c56ff0
azure ad environment|on-premises environment through azure active directory connect agent compromise|pivoting access via privileged accounts|e77e74ed236646d98a7b333234c56ff0
threat actors|aadinternals tool to extract plaintext credentials of a privileged azure ad account|tool usage for credential harvesting|e77e74ed236646d98a7b333234c56ff0
azure active directory connect agent|on-premises device used for hybrid identity management|compromise as an initial foothold into the on-premises environment|e77e74ed236646d98a7b333234c56ff0
ad ds connector account|directory synchronization accounts role|role_assignment|f242d88192014029bd72b00d22164d01
azure ad connector account|global administrator role (in older versions)|potential_role_assignment|f242d88192014029bd72b00d22164d01
azure ad connector account|compromised credentials|uses|20d9769e9cec4815a04d895452c6039b
threat actors|azure ad connect device|accesses|20d9769e9cec4815a04d895452c6039b
attacker-controlled device|ssh tunnel|uses|20d9769e9cec4815a04d895452c6039b
aadinternals tool|get-aadintsynccredentials function|has|20d9769e9cec4815a04d895452c6039b
threat actors|compromised credentials of the azure ad connector account and the ad ds connector account|extracts|20d9769e9cec4815a04d895452c6039b
known attacker ip address|azure ad connector cloud account|authenticates into|20d9769e9cec4815a04d895452c6039b
azure ad connector account|global administrator permissions|has permission to|426afc8925a149b8a4d68dd3e5059ec6
compromised administrator account|global administrator permissions|was compromised with RDP access and used for deletion of Azure resources|426afc8925a149b8a4d68dd3e5059ec6
threat actors|azure environment destruction through server farm, virtual machine, storage account, and virtual network deletions|caused data loss and denial of service (DoS)|426afc8925a149b8a4d68dd3e5059ec6
microsoft azure|sign-in event by the threat actors|was accessed|426afc8925a149b8a4d68dd3e5059ec6
azure privileged identity management (pim)|elevated access permissions to management groups and azure subscriptions|provided elevated privileges for destruction activities|426afc8925a149b8a4d68dd3e5059ec6
target's services|data loss and denial of service (dos)|were the intended impact of the attack|426afc8925a149b8a4d68dd3e5059ec6
exchange web server api|oauth application abuse|abused_by|ec9297e2f5384d1988a4a579e3856a37
full_access_as_app permission|administrator consent|granted_through|ec9297e2f5384d1988a4a579e3856a37
oauth application with certificates|cloud administrator privileges|obtained_by|ec9297e2f5384d1988a4a579e3856a37
getitem operations over mailboxes|malicious activities|performed_as|ec9297e2f5384d1988a4a579e3856a37
smtp send on behalf permissions|azure ad connector account|granted_to|ec9297e2f5384d1988a4a579e3856a37
high-ranking employee’s mailbox|emails sent internally and externally|compromised_for|ec9297e2f5384d1988a4a579e3856a37
tamper protection|microsoft defender for endpoint|security feature|7532814442464079a694776ae289c50a
disablelocaladminmerge|intune|policy setting|7532814442464079a694776ae289c50a
conditional access policies|azure ad environment|security measure|7532814442464079a694776ae289c50a
continuous access evaluation (cae)|real time risk mitigation|threat response mechanism|7532814442464079a694776ae289c50a
sendas operation|unified audit logs|security monitoring event|7532814442464079a694776ae289c50a
azure ad environment|microsoft defender for cloud apps with azure connector enabled|monitoring|f747e4b84bda4f1f875dc710b87d3e78
attacker activities|destructive activity in azure|detection|f747e4b84bda4f1f875dc710b87d3e78
microsoft defender for cloud apps alerts|multiple storage deletion activities|alert|f747e4b84bda4f1f875dc710b87d3e78
azure ad identity protection alerts|high severity alerts for highly privileged accounts|monitoring|f747e4b84bda4f1f875dc710b87d3e78
microsoft defender for cloud apps with azure connector enabled|multiple delete vm activities|alert|f747e4b84bda4f1f875dc710b87d3e78
microsoft defender for identity alerts|honeytoken activity|detection|f747e4b84bda4f1f875dc710b87d3e78
microsoft defender antivirus|malware entity|detects|f2b01acb531346a2af53e6490da54c44
cloud-delivered protection|rapidly evolving attacker tools and techniques|covers|f2b01acb531346a2af53e6490da54c44
malware entity|backdoor:php/remoteshell.v|associated with|f2b01acb531346a2af53e6490da54c44
hacktool:win32/lsadump|trojan:powershell/downloader.sb|related to|f2b01acb531346a2af53e6490da54c44
reduce attack surface|block executable files from running unless they meet a prevalence, age, or trusted list criterion|enable rule for|f2b01acb531346a2af53e6490da54c44
microsoft defender for endpoint alerts|possible presence of indicators of compromise (iocs)|indicate|f2b01acb531346a2af53e6490da54c44
mercury actor activity detected|ransomware-linked emerging threat actor dev-1084 detected|alert for|f2b01acb531346a2af53e6490da54c44
controlled folder access|protected folders list|Addition|9c6e40326c1d466c8fbf4e0e3caafdbd
log4j 2 exploitation alerts|threat activity|Indication of|9c6e40326c1d466c8fbf4e0e3caafdbd
post-exploitation activity alerts|mercury activity|Potential indicator of|9c6e40326c1d466c8fbf4e0e3caafdbd
webshell threat alerts on windows and linux platforms|supported by cybersecurity systems|platform_support|8411457045604619807a3e64e63ec489
darkbit ransomware threats or activity detected|associated with threat actor dev-1084|threat_actor_linkage|8411457045604619807a3e64e63ec489
suspicious scheduled task creation or execution alerts|potential indicators of malicious behavior|suspicious_activity|8411457045604619807a3e64e63ec489
suspected tunneling activity via ssh|a technique used by threat actors for remote access or command execution|tunneling_technique|8411457045604619807a3e64e63ec489
microsoft defender antivirus tampering alerts|indicators of compromise that may indicate an attack's attempt to evade detection or disable security measures|antivirus_tampering|8411457045604619807a3e64e63ec489
powershell command execution alerts|potential evidence of malicious code execution leveraging a common scripting language|powershell_command_execution|8411457045604619807a3e64e63ec489
anomaly detected in asep registry related to persistence mechanisms|a potential indicator of an attack's attempt to maintain presence on the system over time|persistence_anomaly|8411457045604619807a3e64e63ec489
user account|suspicious circumstances|creation under|f091328468d8454a9148d57a19019245
alert title|credential dumping activity or tools|mentions detection of|f091328468d8454a9148d57a19019245
malicious credential theft tool execution detected|mimikatz credential theft tool 'dumplsass' malware blocked on a microsoft sql server|related to mitigation through|f091328468d8454a9148d57a19019245
microsoft defender vulnerability management|threat and vulnerability management in microsoft 365 defender|integrates with for identification and remediation of devices vulnerable to Log4j 2 exploitation|f091328468d8454a9148d57a19019245
privescalation|cloudappevents|contains|42a41c00860f4ebd98878d8b5f9448d3
privescalationtime|timestamp|is_time|42a41c00860f4ebd98878d8b5f9448d3
accountobjectid|accountobjectid|refers_to|42a41c00860f4ebd98878d8b5f9448d3
deletiontime|timestamp|is_time|42a41c00860f4ebd98878d8b5f9448d3
actiontype|actiontype|refers_to|42a41c00860f4ebd98878d8b5f9448d3
totalresourcersdeleted|count()|is_result_of|42a41c00860f4ebd98878d8b5f9448d3
countofdistinctresources|dcount(actiontype)|is_result_of|42a41c00860f4ebd98878d8b5f9448d3
distinctresources|make_set(actiontype)|represents|42a41c00860f4ebd98878d8b5f9448d3
file|office 365 application log|contains information about|473540a032624a2cbb00360315d751ef
url|oauth application abuse detection script|references resource for|473540a032624a2cbb00360315d751ef
malware|attack attempt|is associated with|473540a032624a2cbb00360315d751ef
vulnerability|oauth application abuse exploit|allows exploitation of|473540a032624a2cbb00360315d751ef
threat actor|attacker abusing oauth app|is the entity responsible for|473540a032624a2cbb00360315d751ef
tool|ahq detection tool|performs analysis on|473540a032624a2cbb00360315d751ef
technique|oauth app abuse technique|is used to achieve|473540a032624a2cbb00360315d751ef
network signature|attack activity pattern|identifies traffic related to|473540a032624a2cbb00360315d751ef
domain|office 365 domain name|is part of the affected system's infrastructure|473540a032624a2cbb00360315d751ef
ip address|attacker's ip address|is associated with the threat actor|473540a032624a2cbb00360315d751ef
artifact|detection script output|represents evidence of|473540a032624a2cbb00360315d751ef
campaign|oauth app abuse campaign|is the coordinated series of attacks|473540a032624a2cbb00360315d751ef
tactic|consent manipulation tactic|is a strategy employed by the attacker|473540a032624a2cbb00360315d751ef
procedure|admin consent procedure|is followed to grant permissions|473540a032624a2cbb00360315d751ef
infrastructure|office 365 cloud infrastructure|hosts the attacked application and logs|473540a032624a2cbb00360315d751ef
software|ahq software tool|performs analysis to detect abuse|473540a032624a2cbb00360315d751ef
organization|target organization using office 365|is the entity affected by the attack|473540a032624a2cbb00360315d751ef
document|attack detection log document|records details of the analyzed event|473540a032624a2cbb00360315d751ef
event|oauth app abuse attempt|is a specific occurrence being tracked|473540a032624a2cbb00360315d751ef
microsoft sentinel|detection and threat hunting content|provides|fe2eb6bdb9af400b82ed788ab8659e79
microsoft defender detections list|indicators of compromise (iocs)|contains|fe2eb6bdb9af400b82ed788ab8659e79
ti mapping analytic|detection and threat hunting content from microsoft sentinel customers can use the ti mapping analytics to automatically match indicators mentioned in this blog post with data in their workspace. if the ti map analytics are not currently deployed, customers can install the threat intelligence solution from the microsoft sentinel content hub to have the analytics rule deployed in their sentinel workspace|enables|fe2eb6bdb9af400b82ed788ab8659e79
microsoft sentinel content hub|threat intelligence solution deployment instructions|provides|fe2eb6bdb9af400b82ed788ab8659e79
indicators of compromise (iocs)|ransom payload, batch script, .exe file hashes and descriptions|includes|fe2eb6bdb9af400b82ed788ab8659e79
malware entity|dev|targeted_system|912902d9940a4688832f99a8bbffee15
a related malware|batch script|malicious_payload|912902d9940a4688832f99a8bbffee15
486eb80171c086f4d184423ed7e79303ad7276834e5e5529b199f8ae5fc661f2|sha-256 hash|malware_fingerprint|912902d9940a4688832f99a8bbffee15
dev|batch script|execution_context|912902d9940a4688832f99a8bbffee15
f1edff0fb16a64ac5a2ce64579d0d76920c37a0fd183d4c19219ca990f50effc|sha-256 hash|malware_fingerprint|912902d9940a4688832f99a8bbffee15
dev|batch script|execution_context|912902d9940a4688832f99a8bbffee15
887ae654d69ac5ccb8835e565a449d7716d6c4747dc2fbff1f59f11723244202|sha-256 hash|malware_fingerprint|912902d9940a4688832f99a8bbffee15
dev|batch script|execution_context|912902d9940a4688832f99a8bbffee15
3fba459d589cd513d2478fb4ae7c4efd6aa09e62bc3ff249a19f9a233e922061|sha-256 hash|malware_fingerprint|912902d9940a4688832f99a8bbffee15
dev|batch script|execution_context|912902d9940a4688832f99a8bbffee15
0dde13e3cd2dcda522eeb565b6374c97b3ed4aa6b8ed9ff9b6224ea97bf2a584|sha-256 hash|malware_fingerprint|912902d9940a4688832f99a8bbffee15
dev|batch script|execution_context|912902d9940a4688832f99a8bbffee15
afd16b9ad57eb9c26c8ae347c379c8e2b82361c7bdff5b189659674d5614854c|sha-256 hash|malware_fingerprint|912902d9940a4688832f99a8bbffee15
dev|batch script|execution_context|912902d9940a4688832f99a8bbffee15
3e59d36faf2d5e6edf1d881e2043a46055c63b7c68cc08d44cc7fc1b364157eb|sha-256 hash|malware_fingerprint|912902d9940a4688832f99a8bbffee15
dev|batch script|execution_context|912902d9940a4688832f99a8bbffee15
786bd97172ec0cef88f6ea08e3cb482fd15cf28ab22d37792e3a86fa3c27c975|sha-256 hash|malware_fingerprint|912902d9940a4688832f99a8bbffee15
dev|batch script|execution_context|912902d9940a4688832f99a8bbffee15
36c71ce7cd38733eb66f32a8c56acd635680197f01585c5a2a846cc3cb0a8fe2|sha-256 hash|malware_fingerprint|912902d9940a4688832f99a8bbffee15
dev|batch script|execution_context|912902d9940a4688832f99a8bbffee15
016967de76382c674b3a1cb912eb85ff642b2ebfe4e107fc576065f172c6ef80|sha-256 hash|malware_fingerprint|912902d9940a4688832f99a8bbffee15
dev|batch script|execution_context|912902d9940a4688832f99a8bbffee15
3059844c102595172bb7f644c9a70d77a198a11f1e84539792408b1f19954e18|sha-256 hash|malware_fingerprint|912902d9940a4688832f99a8bbffee15
dev|batch script|execution_context|912902d9940a4688832f99a8bbffee15
command and control|hxxps://pairing[.]rport[. ]io/qmlc2wx|malicious_url|912902d9940a4688832f99a8bbffee15
download rport software from it|webstore4tech[.]uaenorth.cloudapp.azure[. ]com|command_and_control_server|912902d9940a4688832f99a8bbffee15
command and control|193.200[. ]16.3|malicious_ip|912902d9940a4688832f99a8bbffee15
command and control|141.95.22[. ]153|malicious_ip|912902d9940a4688832f99a8bbffee15
command and control|104.194.222[. ]219|malicious_ip|912902d9940a4688832f99a8bbffee15
command and control|192.52.167[. ]209|malicious_ip|912902d9940a4688832f99a8bbffee15
command and control|194.61.121[. ]86|malicious_ip|912902d9940a4688832f99a8bbffee15
command and control|193.200[. ]16.3|malicious_url|912902d9940a4688832f99a8bbffee15
download rport software from it|webstore4tech[.]uaenorth.cloudapp.azure[. ]com|command_and_control_server|912902d9940a4688832f99a8bbffee15
command and control|193.200[. ]16.3|malicious_ip|912902d9940a4688832f99a8bbffee15
command and control|141.95.22[. ]153|malicious_ip|912902d9940a4688832f99a8bbffee15
command and control|104.194.222[. ]219|malicious_ip|912902d9940a4688832f99a8bbffee15
command and control|192.52.167[. ]209|malicious_ip|912902d9940a4688832f99a8bbffee15
command and control|webstore4tech[.]uaenorth.cloudapp.azure[. ]com|command_and_control_server|912902d9940a4688832f99a8bbffee15
download rport software from it|webstore4tech[.]uaenorth.cloudapp.azure[. ]com|malicious_url|912902d9940a4688832f99a8bbffee15
command and control|193.200[. ]16.3|malicious_ip|912902d9940a4688832f99a8bbffee15
command and control|141.95.22[. ]153|malicious_ip|912902d9940a4688832f99a8bbffee15
command and control|104.194.222[. ]219|malicious_ip|912902d9940a4688832f99a8bbffee15
command and control|192.52.167[. ]209|malicious_ip|912902d9940a4688832f99a8bbffee15
command and control|webstore4tech[.]uaenorth.cloudapp.azure[. ]com|command_and_control_server|912902d9940a4688832f99a8bbffee15
malware entity|a related malware|entity_relationship|62ee3bb50a6d48e3a2763a6945320594
command and control server|a malicious domain or ip address used to issue commands to the malware and receive stolen data from it.|infrastructure_relation|62ee3bb50a6d48e3a2763a6945320594
threat actor owned rport domain|a report domain that is owned by a threat actor or related to their activity.|actor_domain_relationship|62ee3bb50a6d48e3a2763a6945320594
legit remote access tool|a legitimate remote access tool being used for malicious purposes by an attacker.|tool_purpose_relation|62ee3bb50a6d48e3a2763a6945320594
customized ligolo tunneling tool|an altered version of the ligolo tunneling tool that has been customized for malicious use by threat actors.|tool_modification_relation|62ee3bb50a6d48e3a2763a6945320594
command and control ip address 46.249.35[. ]243|an ip address used by the threat actor as a command and control server for their operations.|ip_control_relation|62ee3bb50a6d48e3a2763a6945320594
command and control ip address 45.86.230[. ]20|another ip address used by the threat actor as a command and control server for their operations.|ip_control_relation|62ee3bb50a6d48e3a2763a6945320594
customized script backdoor b9cf785b81778e2b805752c7b839737416e3af54f64f1e40e008142e382df0c4|a custom script backdoor with a unique hash that is used by the threat actor to maintain persistence and execute commands on compromised systems.|backdoor_script_relation|62ee3bb50a6d48e3a2763a6945320594
customized obfuscated script backdoor ab179112caadaf138241c43c4a4dccc2e3c67aeb96a151e432cfbafa18a4b436|an obfuscated script backdoor with a unique hash that is used by the threat actor to evade detection and maintain persistence on compromised systems.|backdoor_obfuscation_relation|62ee3bb50a6d48e3a2763a6945320594
customized script backdoor b155c5b3a8f4c89ba74c5c5c03d029e4202510d0cbb5e152995ab91e6809bcd7|another customized script backdoor with a unique hash that is used by the threat actor to maintain persistence and execute commands on compromised systems.|backdoor_script_relation|62ee3bb50a6d48e3a2763a6945320594
db.sqlite customized obfuscated script backdoor rport.exe note: these indicators should not be considered exhaustive for this observed activity. microsoft defender threat intelligence community members and customers can find summary information and all iocs from this blog post in the linked microsoft defender threat intelligence article. references|a file or executable that is part of a customized backdoor used by threat actors to maintain persistence on compromised systems. the specific details provided indicate that it may be an obfuscated script with additional customization for malicious operations. this indicator is accompanied by a note emphasizing its relevance within the context of the observed activity and directing users to a microsoft defender threat intelligence article for further information and all related iocs.|backdoor_file_relation|62ee3bb50a6d48e3a2763a6945320594
muddywater|darkbit ransomware|attribution|ab36f9ac777f40ef8d58d3b197503ee7
iso file|shortcut file (.doc extension)|contains|ab36f9ac777f40ef8d58d3b197503ee7
printbrm.exe|hr-update.zip|unpacks|ab36f9ac777f40ef8d58d3b197503ee7
cobalt strike beacon|darkbit ransomware payload|downloads|ab36f9ac777f40ef8d58d3b197503ee7
golang|darkbit ransomware sample|written in|ab36f9ac777f40ef8d58d3b197503ee7
command line arguments|features of the darkbit ransomware|displays|ab36f9ac777f40ef8d58d3b197503ee7
ransomware|darkbit ransomware sample|is_a|a321241a9b4a48e9839c0fdd1b5b453b
file encryption|encrypting files with a random key generated by systemfunction036|uses|a321241a9b4a48e9839c0fdd1b5b453b
systemfunction036|rtlgenrandom (documented in msdn)|is_implemented_as|a321241a9b4a48e9839c0fdd1b5b453b
malware obfuscation|obfuscating dll names and functions like systemfunction036|uses|a321241a9b4a48e9839c0fdd1b5b453b
multithreading|using multithreading as can be seen in figure 5 previously|implements|a321241a9b4a48e9839c0fdd1b5b453b
vssadmin.exe|used to delete all the shadow copies as a prelude to file encryption|is_utilized_for|a321241a9b4a48e9839c0fdd1b5b453b
api resolution|dynamically resolving api to avoid static detections|employs|a321241a9b4a48e9839c0fdd1b5b453b
createmutexw api|used to check if an instance of the malware is already running|is_called_by|a321241a9b4a48e9839c0fdd1b5b453b
systemfunction036|documented in msdn as rtlgenrandom and used multiple times with varying buffer sizes passed to it|is_referenced_in|a321241a9b4a48e9839c0fdd1b5b453b
buffer size|buffer size of 80 is made available for systemfunction036|provides|a321241a9b4a48e9839c0fdd1b5b453b
encryption key attachment|encrypting key itself encrypted and attached to the encrypted files|implements|a321241a9b4a48e9839c0fdd1b5b453b
encryptionalgorithm|aes encryption|uses|f23057601d5f4466bc5916f97f9d28bd
findfirstfilew|file system iteration|performs|f23057601d5f4466bc5916f97f9d28bd
setfilepointerex|move file pointer|executes|f23057601d5f4466bc5916f97f9d28bd
writefile api|write encrypted data to file|performs|f23057601d5f4466bc5916f97f9d28bd
ransomware key|encryption key storage|stores|f23057601d5f4466bc5916f97f9d28bd
.darkbit extension|file marker after encryption|applies|f23057601d5f4466bc5916f97f9d28bd
ransomware note|ransom demand message|drops|f23057601d5f4466bc5916f97f9d28bd
darkbit ransomware|muddywaters threat actor|causes-by|ebb2a7dbb7a541429eab97275eb49621
phishing email campaigns|initial access vectors|used-for|ebb2a7dbb7a541429eab97275eb49621
mimikatz tool|breaking into systems|used-to|ebb2a7dbb7a541429eab97275eb49621
cobalt strike|initial access|utilized-for|ebb2a7dbb7a541429eab97275eb49621
darkbit.exe file|ransomware payload|is-a|ebb2a7dbb7a541429eab97275eb49621
9880fae6551d1e9ee921f39751a6f3c0 hash|darkbit.exe file|identifies-as|ebb2a7dbb7a541429eab97275eb49621
trojan (0058e3dd1) detection name|9880fae6551d1e9ee921f39751a6f3c0 hash|associated-with|ebb2a7dbb7a541429eab97275eb49621
update.iso file|ransomware attack artifact|is-an|ebb2a7dbb7a541429eab97275eb49621
1219a8880debdd10d081195e27a2a016 hash|update.iso file|corresponds-to|ebb2a7dbb7a541429eab97275eb49621
trojan (0001140e1) detection name|1219a8880debdd10d081195e27a2a016 hash|classified-as|ebb2a7dbb7a541429eab97275eb49621
muddywaters threat actor|politically motivated attack|characterized-by|ebb2a7dbb7a541429eab97275eb49621
k7 total security product|ransomware detection and prevention|designed-for|ebb2a7dbb7a541429eab97275eb49621
reliable security products|safeguarding devices against threats|recommended-for|ebb2a7dbb7a541429eab97275eb49621
security patches and updates|keeping software secure|essential-for|ebb2a7dbb7a541429eab97275eb49621
darkbit ransomware|command-line options|Supports|1ae5c195f00743598ef5458f7319ce9f
darkbit ransomware|optimized encryption routines|UsesForLargeFileEncryption|1ae5c195f00743598ef5458f7319ce9f
threat actor|anti-israeli and anti-government rhetoric|ExpressesIn ransomNote|1ae5c195f00743598ef5458f7319ce9f
threat actor|mentions of layoffs in technology industry|RefersToInRansomNote|1ae5c195f00743598ef5458f7319ce9f
malware family|golang-compiled ransomware|IsTypeOf|1ae5c195f00743598ef5458f7319ce9f
technion - israel institute of technology (iit)|targeted by darkbit ransomware|WasAttackedBy|1ae5c195f00743598ef5458f7319ce9f
blackberry research & intelligence team|analyzed the darkbit ransomware strain|ConductedResearchOn|1ae5c195f00743598ef5458f7319ce9f
darkbit ransom note|usd $1,869,760 in bitcoin (btc)|ransom amount|a2c38f1605744e2cabc32dc8015a1816
technion|cyber attack incident response activities|incident handling|a2c38f1605744e2cabc32dc8015a1816
golang compiled pe executable|attack vector unknown|attacker tool|a2c38f1605744e2cabc32dc8015a1816
tox|tor network infrastructure used by attackers|anonymity networks|a2c38f1605744e2cabc32dc8015a1816
education sector|target of the cyber attack|attack target industry|a2c38f1605744e2cabc32dc8015a1816
malware entity|darkbit ransomware|is_a_type_of|45c06ab9228a4ffa9e175f69846177c3
technion – israel institute of technology (iit)|target of darkbit attack|was_attacked_by|45c06ab9228a4ffa9e175f69846177c3
darkbit ransomware|encrypted files with '.darkbit' extension|caused_files_to_be_encrypted_with|45c06ab9228a4ffa9e175f69846177c3
advanced encryption standard (aes)|cryptographic algorithm used by darkbit ransomware for encryption|was_utilized_by|45c06ab9228a4ffa9e175f69846177c3
darkbit ransomware|accepts command-line arguments or runs autonomously|has_the_capability_to|45c06ab9228a4ffa9e175f69846177c3
multi-threading technique|used by darkbit ransomware for faster encryption|was_employed_by|45c06ab9228a4ffa9e175f69846177c3
vssadmin.exe|malware execution tool|used by malware to execute commands|2d9c1fb35bb743edb6ca036d648dac3a
delete shadow /all /quiet|command executed by vssadmin.exe|to delete shadow copies|2d9c1fb35bb743edb6ca036d648dac3a
'darkbit_encrypted_files'|string appended to encrypted files|as a marker of encryption|2d9c1fb35bb743edb6ca036d648dac3a
.darkbit file extension|file extension used by malware for encryption|to signify encrypted files|2d9c1fb35bb743edb6ca036d648dac3a
msilog|filetype excluded from encryption|as part of the ransomware's exclusion list|2d9c1fb35bb743edb6ca036d648dac3a
log|file type excluded from encryption|as per the malware's file extension whitelist|2d9c1fb35bb743edb6ca036d648dac3a
ldf'|filetype excluded from encryption|based on the ransomware's exclusion criteria|2d9c1fb35bb743edb6ca036d648dac3a
lock' file extension|excluded file type in malware's whitelist|to prevent locking of critical system files|2d9c1fb35bb743edb6ca036d648dac3a
theme|filetype not targeted for encryption|as per the ransomware's file extension exclusion list|2d9c1fb35bb743edb6ca036d648dac3a
msi|excluded file type in malware analysis|to maintain system functionality after infection|2d9c1fb35bb743edb6ca036d648dac3a
sys|file extension not affected by encryption|as part of the ransomware's exclusion strategy|2d9c1fb35bb743edb6ca036d648dac3a
wpx|whitelisted file type in malware analysis report|to preserve system integrity after attack|2d9c1fb35bb743edb6ca036d648dac3a
cpl' extension|excluded from encryption by ransomware|to avoid disruption of critical Windows® components|2d9c1fb35bb743edb6ca036d648dac3a
adv|filetype not targeted for file encryption|as per the malware's exclusion list configuration|2d9c1fb35bb743edb6ca036d648dac3a
msc|excluded from ransomware attack|to prevent interference with system administration tools|2d9c1fb35bb743edb6ca036d648dac3a
scr|file extension not affected by encryption|as part of the malware's exclusion list for file types|2d9c1fb35bb743edb6ca036d648dac3a
key|excluded from ransomware activity|to maintain functionality of essential system files|2d9c1fb35bb743edb6ca036d648dac3a
ico|file type not targeted for encryption|as per the malware's file extension exclusion policy|2d9c1fb35bb743edb6ca036d648dac3a
dll|whitelisted filetype in ransomware analysis|to preserve system stability after infection|2d9c1fb35bb743edb6ca036d648dac3a
hta|file extension not affected by encryption|as part of the malware's exclusion list for targets|2d9c1fb35bb743edb6ca036d648dac3a
deskthemepack|excluded file type in ransomware analysis report|to maintain user interface customization options after attack|2d9c1fb35bb743edb6ca036d648dac3a
darkbit ransomware|specific exclusion list|includes|a7a2057e378d4b74a2b549cd8fc0a30f
thumbs.db|desktop.ini|excluded|a7a2057e378d4b74a2b549cd8fc0a30f
darkbit.jpg|recovery_darkbit.txt|encrypted|a7a2057e378d4b74a2b549cd8fc0a30f
system volume information|vulnerability|exploited|a7a2057e378d4b74a2b549cd8fc0a30f
darkbit group|.onion webpage|hosts|a7a2057e378d4b74a2b549cd8fc0a30f
darkbit group|tor network|accessible via|a7a2057e378d4b74a2b549cd8fc0a30f
ransom note|support address|contains|a7a2057e378d4b74a2b549cd8fc0a30f
darkbit ransomware group|technion - israel institute of technology|malicious_targeting|fb2699abab18453a8652148d2b4c9202
hxxp://iw6v2p3cruy7tqfup3yl4dgt4pfibfa3ai4zgnu5df2q3hus3lm7c7ad[. ]onion/support|darkbit ransomware group|communication_channel|fb2699abab18453a8652148d2b4c9202
url in figure 6: victim payment information page|darkbit ransomware group|extortion_demands|fb2699abab18453a8652148d2b4c9202
telegram account (@)darkbittw|darkbit ransomware group|social_media_presence|fb2699abab18453a8652148d2b4c9202
#hackforgood hashtag|darkbit ransomware group's twitter page|political_message|fb2699abab18453a8652148d2b4c9202
tweet from @darkbittw dated feb 12th|darkbit ransomware group|threat_indicator|fb2699abab18453a8652148d2b4c9202
darkbit ransomware|yara rule|describes|58cdc422572742fabe2025c5bb3dccdb
$4538285_63|string pattern|represents|58cdc422572742fabe2025c5bb3dccdb
$5891110_63|string pattern|represents|58cdc422572742fabe2025c5bb3dccdb
$7545077_63|string pattern|represents|58cdc422572742fabe2025c5bb3dccdb
$5903045_63|string pattern|represents|58cdc422572742fabe2025c5bb3dccdb
$5127463_63|string pattern|represents|58cdc422572742fabe2025c5bb3dccdb
the blackberry research & intelligence team|author|creates|58cdc422572742fabe2025c5bb3dccdb
file|malware entity|contains|4683b59ff1f94f0991a65f682796bced
url|a related malware|downloads|4683b59ff1f94f0991a65f682796bced
malware|vulnerability|exploits|4683b59ff1f94f0991a65f682796bced
threat actor|tool|uses|4683b59ff1f94f0991a65f682796bced
technique|network signature|generates|4683b59ff1f94f0991a65f682796bced
domain|ip address|resolves to|4683b59ff1f94f0991a65f682796bced
artifact|campaign|belongs to|4683b59ff1f94f0991a65f682796bced
tactic|procedure|is part of|4683b59ff1f94f0991a65f682796bced
infrastructure|software|hosts|4683b59ff1f94f0991a65f682796bced
organization|document|produces|4683b59ff1f94f0991a65f682796bced
event|$5127463_63|references|4683b59ff1f94f0991a65f682796bced
malware entity|a related malware|entity_relationship|e120e2565cc24dd787cc493d8bcd9385
file|malware|associated_with|e120e2565cc24dd787cc493d8bcd9385
url|malware|delivery_vector|e120e2565cc24dd787cc493d8bcd9385
vulnerability|infrastructure|exploitable_in|e120e2565cc24dd787cc493d8bcd9385
threat actor|malware campaign|associated_with|e120e2565cc24dd787cc493d8bcd9385
tool|analysis technique|used_in|e120e2565cc24dd787cc493d8bcd9385
technique|malware family|employed_by|e120e2565cc24dd787cc493d8bcd9385
network signature|malicious activity|identifies|e120e2565cc24dd787cc493d8bcd9385
domain|command and control (c&c)|related_to|e120e2565cc24dd787cc493d8bcd9385
ip address|malicious host|associated_with|e120e2565cc24dd787cc493d8bcd9385
artifact|malware sample|evidence_of|e120e2565cc24dd787cc493d8bcd9385
campaign|threat actor activity|comprised_of|e120e2565cc24dd787cc493d8bcd9385
tactic|attack methodology|implements|e120e2565cc24dd787cc493d8bcd9385
procedure|malware functionality|follows|e120e2565cc24dd787cc493d8bcd9385
infrastructure|attack surface|exists_within|e120e2565cc24dd787cc493d8bcd9385
software|vulnerable application|targeted_by|e120e2565cc24dd787cc493d8bcd9385
organization|malware target|affected_by|e120e2565cc24dd787cc493d8bcd9385
document|technical analysis|describes|e120e2565cc24dd787cc493d8bcd9385
event|malware incident|records|e120e2565cc24dd787cc493d8bcd9385
malware entity|a related malware|entity_relationship|2f3d3d5f82324d2d82b6a70029517918
file|malicious binary|containment|2f3d3d5f82324d2d82b6a70029517918
url|compromised website link|navigation|2f3d3d5f82324d2d82b6a70029517918
vulnerability|software flaw exploited by malware|exploitation|2f3d3d5f82324d2d82b6a70029517918
threat actor|malicious group or individual behind the malware|attribution|2f3d3d5f82324d2d82b6a70029517918
tool|cybersecurity tool used to analyze the malware|analysis|2f3d3d5f82324d2d82b6a70029517918
technique|specific method employed by the malware|behavioral_analysis|2f3d3d5f82324d2d82b6a70029517918
network signature|unique pattern in network traffic associated with the malware|traffic_monitoring|2f3d3d5f82324d2d82b6a70029517918
domain|command and control (c&c) domain used by the malware|cnc_communication|2f3d3d5f82324d2d82b6a70029517918
ip address|malicious ip address involved in the attack|host_identification|2f3d3d5f82324d2d82b6a70029517918
artifact|evidence left by the malware on a system|forensic_analysis|2f3d3d5f82324d2d82b6a70029517918
campaign|malware distribution campaign being analyzed|operation_tracking|2f3d3d5f82324d2d82b6a70029517918
tactic|strategic approach used by the malware in an attack|attack_strategy|2f3d3d5f82324d2d82b6a70029517918
procedure|specific process followed by the malware during execution|execution_sequence|2f3d3d5f82324d2d82b6a70029517918
infrastructure|it infrastructure affected or targeted by the malware|impacted_systems|2f3d3d5f82324d2d82b6a70029517918
software|vulnerable software exploited by the malware|affected_applications|2f3d3d5f82324d2d82b6a70029517918
organization|entity targeted or affected by the malware attack|targeted_organizations|2f3d3d5f82324d2d82b6a70029517918
document|report or analysis of the malware activity|analysis_documentation|2f3d3d5f82324d2d82b6a70029517918
event/incident|specific occurrence or incident involving the malware|incident_tracking|2f3d3d5f82324d2d82b6a70029517918
malware entity|a related malware|entity_relationship|062a8a25e2e4420ca135a529929e4be1
file|url|indicates_source|062a8a25e2e4420ca135a529929e4be1
malware|vulnerability|exploits|062a8a25e2e4420ca135a529929e4be1
threat actor|tool|uses|062a8a25e2e4420ca135a529929e4be1
technique|network signature|generated_by|062a8a25e2e4420ca135a529929e4be1
domain|ip address|associated_with|062a8a25e2e4420ca135a529929e4be1
artifact|campaign|evidence_of|062a8a25e2e4420ca135a529929e4be1
tactic|procedure|implements|062a8a25e2e4420ca135a529929e4be1
infrastructure|software|hosting_platform|062a8a25e2e4420ca135a529929e4be1
organization|document|produces|062a8a25e2e4420ca135a529929e4be1
event|malware entity|caused_by|062a8a25e2e4420ca135a529929e4be1
malware entity|indicator of compromise (ioc)|related to|dbd806675a9b42f084329a92785d1f25
threat actor|malicious activity|associated with|dbd806675a9b42f084329a92785d1f25
tool|technique|used for|dbd806675a9b42f084329a92785d1f25
network signature|malware behavior|identifies|dbd806675a9b42f084329a92785d1f25
domain|url|related to|dbd806675a9b42f084329a92785d1f25
ip address|malware communication|associated with|dbd806675a9b42f084329a92785d1f25
artifact|malware evidence|found in|dbd806675a9b42f084329a92785d1f25
campaign|coordinated attack|part of|dbd806675a9b42f084329a92785d1f25
tactic|malicious strategy|implements|dbd806675a9b42f084329a92785d1f25
procedure|cybersecurity response|follows|dbd806675a9b42f084329a92785d1f25
infrastructure|malware hosting platform|used by|dbd806675a9b42f084329a92785d1f25
software|vulnerable application|exploited in|dbd806675a9b42f084329a92785d1f25
organization|cybersecurity firm|investigates|dbd806675a9b42f084329a92785d1f25
document|malware analysis report|contains information about|dbd806675a9b42f084329a92785d1f25
event|cybersecurity incident|records details of|dbd806675a9b42f084329a92785d1f25
malware entity|a related malware|entity_relationship|4b9889127ccd44e28378a2d9b959be69
threat actor|malicious campaign|actor_campaign|4b9889127ccd44e28378a2d9b959be69
tool|technique|tool_technique|4b9889127ccd44e28378a2d9b959be69
network signature|malicious network activity|signature_activity|4b9889127ccd44e28378a2d9b959be69
domain|cybersecurity infrastructure|domain_infrastructure|4b9889127ccd44e28378a2d9b959be69
ip address|malicious network traffic source|ip_source|4b9889127ccd44e28378a2d9b959be69
artifact|evidence of compromise|artifact_compromise|4b9889127ccd44e28378a2d9b959be69
documentation|malware analysis report|document_report|4b9889127ccd44e28378a2d9b959be69
event|cybersecurity incident|event_incident|4b9889127ccd44e28378a2d9b959be69
malware entity|0f ba instruction|has_technique|dd6c7286594740898be7199a763e1900
a related malware|e8 ? ? ? ? call instruction|uses_tool|dd6c7286594740898be7199a763e1900
malware entity|75 condition jump instruction|exploits_vulnerability|dd6c7286594740898be7199a763e1900
a related malware|$4987306_60 data reference|accesses_file|dd6c7286594740898be7199a763e1900
malware entity|network signature $5046026_60|operates_on_infrastructure|dd6c7286594740898be7199a763e1900
a related malware|ff d? 66 xor instruction|utilizes_technique|dd6c7286594740898be7199a763e1900
malware entity|31 ? ? eb branch instructions|employs_tactic|dd6c7286594740898be7199a763e1900
malware entity|related malware|entity_relationship|e6fd50e95d5a443ba2cfb91de0e9ef6c
file|malicious file|containment|e6fd50e95d5a443ba2cfb91de0e9ef6c
url|infected url|infection vector|e6fd50e95d5a443ba2cfb91de0e9ef6c
malware|virus|classification|e6fd50e95d5a443ba2cfb91de0e9ef6c
threat actor|cybercriminal group|association|e6fd50e95d5a443ba2cfb91de0e9ef6c
tool|malware analysis tool|utility|e6fd50e95d5a443ba2cfb91de0e9ef6c
technique|exploitation technique|attack method|e6fd50e95d5a443ba2cfb91de0e9ef6c
network signature|malicious traffic pattern|detection criterion|e6fd50e95d5a443ba2cfb91de0e9ef6c
domain|compromised domain|infrastructure component|e6fd50e95d5a443ba2cfb91de0e9ef6c
ip address|botnet command-and-control ip|command center|e6fd50e95d5a443ba2cfb91de0e9ef6c
artifact|digital forensic artifact|evidence type|e6fd50e95d5a443ba2cfb91de0e9ef6c
campaign|cyber espionage campaign|coordinated attack|e6fd50e95d5a443ba2cfb91de0e9ef6c
tactic|social engineering tactic|attack strategy|e6fd50e95d5a443ba2cfb91de0e9ef6c
procedure|incident response procedure|response protocol|e6fd50e95d5a443ba2cfb91de0e9ef6c
infrastructure|compromised network infrastructure|attack target|e6fd50e95d5a443ba2cfb91de0e9ef6c
software|vulnerable software application|exploitable component|e6fd50e95d5a443ba2cfb91de0e9ef6c
organization|targeted enterprise organization|attack victim|e6fd50e95d5a443ba2cfb91de0e9ef6c
document|malware analysis report|analytical output|e6fd50e95d5a443ba2cfb91de0e9ef6c
event|security incident event|observable occurrence|e6fd50e95d5a443ba2cfb91de0e9ef6c
malware entity|a related malware|entity_relationship|8a5b64466df640e3891d79a534d0787b
file|e8 ? ? ? ? 48 ? ? ? ? 0f 84 $5152831_59|contains|8a5b64466df640e3891d79a534d0787b
url|$6022661_59 = { ... e8 ? ? ? ?}|refers_to|8a5b64466df640e3891d79a534d0787b
malware|e8 ? ? ? ? 48 ? ? ? ? 0f 1f ? ? e8 ? ? ? ?|executes|8a5b64466df640e3891d79a534d0787b
vulnerability|uint16(0) == 0x5a4d and filesize < 10mb and all of them|exploits|8a5b64466df640e3891d79a534d0787b
threat actor|blackberry research & intelligence team|conducts_analysis|8a5b64466df640e3891d79a534d0787b
tool|malware analysis tool|utilizes|8a5b64466df640e3891d79a534d0787b
technique|emerging and persistent threats examination|implements|8a5b64466df640e3891d79a534d0787b
network signature|e8 ? ? ? ? 48 ? ? ? ? ff d? 48 ? ? ? ?|generates|8a5b64466df640e3891d79a534d0787b
domain|$6022661_59 = { ... e8 ? ? ? ?}|resolves_to|8a5b64466df640e3891d79a534d0787b
ip address|48 ? ? ? ? 0f 1f ? ? e8 ? ? ? ?|connects_to|8a5b64466df640e3891d79a534d0787b
artifact|e8 ? ? ? ? 48 ? ? ? ? ff d? 48 ? ? ? ?|creates|8a5b64466df640e3891d79a534d0787b
campaign|blackberry research & intelligence team's analysis campaign|conducted_by|8a5b64466df640e3891d79a534d0787b
tactic|exploiting vulnerabilities with malware entities|employs|8a5b64466df640e3891d79a534d0787b
procedure|intelligence analysis procedure for emerging threats|follows|8a5b64466df640e3891d79a534d0787b
infrastructure|malware-infected file infrastructure|targets|8a5b64466df640e3891d79a534d0787b
software|blackberry research & intelligence team's analysis software|uses|8a5b64466df640e3891d79a534d0787b
organization|blackberry research & intelligence team|belongs_to|8a5b64466df640e3891d79a534d0787b
document|malware analysis report document|describes|8a5b64466df640e3891d79a534d0787b
event|malware execution event recorded in the file|represents|8a5b64466df640e3891d79a534d0787b
