node_1|node_2|edge|chunk_id|node_ 1|Edge|node_ 2
voodoo bear|adversary|entity_relationship|2c3a83eb57674a8a97893d001eedab25|||
russian government|groups highly likely to be controlled by them|association|2c3a83eb57674a8a97893d001eedab25|||
voodoo bear|cyber actor|actor|db2b7402873749a3b349846574412d3f|||
destructive effects|purpose of voodoo bear|relationship|db2b7402873749a3b349846574412d3f|||
targeted wiper malware|employed by voodoo bear|attack method|db2b7402873749a3b349846574412d3f|||
custom loaders|used for distribution|delivery mechanism|db2b7402873749a3b349846574412d3f|||
ransomware|mimicked by voodoo bear|pretense|db2b7402873749a3b349846574412d3f|||
supply chain and strategic web compromises (swc)|used for distribution|distribution mechanism|db2b7402873749a3b349846574412d3f|||
financially motivated criminal actors|contrasted with voodoo bear's motives|relationship|db2b7402873749a3b349846574412d3f|||
hacktivist ideologies|claimed by adversary|attribution front|db2b7402873749a3b349846574412d3f|||
destructive campaigns|linked with voodoo bear|campaigns associated|db2b7402873749a3b349846574412d3f|||
ukraine|targeted by voodoo bear's operations|geographical focus|db2b7402873749a3b349846574412d3f|||
voodoo bear|targeted attacks|actor|f8a64fa562974124b3a148f176a4860a|||
custom delivery malware|blackenergy (version 3)|malware family|f8a64fa562974124b3a148f176a4860a|||
killdisk (aka passkilldisk)|wiper malware|technique|f8a64fa562974124b3a148f176a4860a|||
killdisk malware|ransomware and hacktivist intent modifications|entity_relationship|1fa93f531a334f529daf2f48cb6f5888|||
ukrainian organizations|attribution fronts adopting hacktivist personas|association|1fa93f531a334f529daf2f48cb6f5888|||
cyberberkut collective|destructive and denial-of-service (dos) attacks against ukrainian central election commission (cec)|attribution|1fa93f531a334f529daf2f48cb6f5888|||
pro-russian hacktivist group sprut|ukrainian government's state energy company leakage and ukrenergo website disruption|entity_relationship|1fa93f531a334f529daf2f48cb6f5888|||
information operations (io)|public (disruptive) and non-public (destructive) intent combination|technique|1fa93f531a334f529daf2f48cb6f5888|||
voodoo bear|ukrainian entities|attacker-victim|07bc0391302c4c7da413883efc52b3d7|||
pseudoransomware families|campaigns|used in|07bc0391302c4c7da413883efc52b3d7|||
supply chain compromise|deployment technique|methodology used for|07bc0391302c4c7da413883efc52b3d7|||
swc methodologies|increased number of victims|led to|07bc0391302c4c7da413883efc52b3d7|||
worm-like propagation mechanisms|mimikatz credential-stealing tool and eternalblue exploit|supported by|07bc0391302c4c7da413883efc52b3d7|||
filecoder.nkh|supply chain compromise of a ukrainian it company in january 2017|used in|07bc0391302c4c7da413883efc52b3d7|||
xdata|deployed for a short period via the software update mechanism of m.e. doc, a ukrainian accounting software product used by many companies either located or operating within ukraine in may 2017|used in|07bc0391302c4c7da413883efc52b3d7|||
fakecry|wannacry ransomware|is a variant|83db44f5a5574f42bf3b1b2b25da33bf|||
notpetya|ransomware family|related to FakeCry and BadRabbit|83db44f5a5574f42bf3b1b2b25da33bf|||
m.e. doc update mechanism|delivery vector|used by NotPetya, FakeCry, Ukrainian organizations|83db44f5a5574f42bf3b1b2b25da33bf|||
unconstrained propagation techniques|malware spread methods|responsible for global impact of NotPetya|83db44f5a5574f42bf3b1b2b25da33bf|||
ukrainian constitution day|timing of attack|NotPetya's deployment coincided with the day|83db44f5a5574f42bf3b1b2b25da33bf|||
badrabbit campaign|attack against ukrainian transport networks|distribution via websites in multiple countries including Ukraine, Russia, Turkey and Bulgaria|83db44f5a5574f42bf3b1b2b25da33bf|||
whispergate|wiper operations|uses|d85006663ca542c1ae055dd5075248b7|||
ukrainian government networks|disruption target|targeted by|d85006663ca542c1ae055dd5075248b7|||
whispereddebate activity cluster|state institutions|involved in disrupting|d85006663ca542c1ae055dd5075248b7|||
crowdstrike intelligence|no named adversary attribution|currently not attributed to|d85006663ca542c1ae055dd5075248b7|||
voodoo bear|previous operations|high-level parallels to|d85006663ca542c1ae055dd5075248b7|||
russia-nexus adversary|group aligned with russian interests|strongly suggests|d85006663ca542c1ae055dd5075248b7|||
ukrainian government statements|comparison to voodoo bear campaigns|public statements indicate|d85006663ca542c1ae055dd5075248b7|||
manual malware distribution vector|limited impact intentional|employed and focused on targeting government networks|d85006663ca542c1ae055dd5075248b7|||
it service providers|destructive attacks|targeted by|d85006663ca542c1ae055dd5075248b7|||
evidence of initial intrusion vectors|covering up evidence|attempts to distribute data were made|d85006663ca542c1ae055dd5075248b7|||
ukrainian government|network intrusions|affected by|47673901af0a49b781e726a11fde13a8|||
public trust|government's ability to address breaches|target of IOC|47673901af0a49b781e726a11fde13a8|||
earlier voodoo bear ttps|cyberberkut and sprut group personas|used in similar operation|47673901af0a49b781e726a11fde13a8|||
whispereddebate activity|introduction of website defacements|connected to IO|47673901af0a49b781e726a11fde13a8|||
voodoo bear|russian government|actor|417f433450a64a37afab91c15dec1490|||
ukrainian entities|populace|target|417f433450a64a37afab91c15dec1490|||
destructive voodoo bear operations|psychological operations|operation_type|417f433450a64a37afab91c15dec1490|||
io campaigns|pii launder|entity_relationship|8ecb1cee5d7148ef98f64be8f2a07b0d|||
hybrid operations|publicize pii|action_result|8ecb1cee5d7148ef98f64be8f2a07b0d|||
website defacement activity|media awareness|influence_objective|8ecb1cee5d7148ef98f64be8f2a07b0d|||
low chance of dos attacks|hybrid operations in the future|possibility|8ecb1cee5d7148ef98f64be8f2a07b0d|||
dos technique|offensive actions such as wiping attacks|combination_technique|8ecb1cee5d7148ef98f64be8f2a07b0d|||
wiping attacks|hacktivist communities|involvement|8ecb1cee5d7148ef98f64be8f2a07b0d|||
notpetya spread|ukraine|location|8ecb1cee5d7148ef98f64be8f2a07b0d|||
disruptive and destructive attacks|broader implications|result|8ecb1cee5d7148ef98f64be8f2a07b0d|||
potential impacts|organizations based outside the country|implication|8ecb1cee5d7148ef98f64be8f2a07b0d|||
companies with subsidiaries within ukraine|experience collateral damage|result|8ecb1cee5d7148ef98f64be8f2a07b0d|||
ukrainian organizations|notpetya malware attack|affected|b4c1d9fbb5a0419f8af24aa07990e8b8|||
future operations targeting ukrainian transport sector|organizations relying on the logistics networks|disruptive effects|b4c1d9fbb5a0419f8af24aa07990e8b8|||
destructive attacks intentionally targeted at organizations outside the country|unlikeliness scenario due to risk of uncontrolled escalation and punitive measures|assessed|b4c1d9fbb5a0419f8af24aa07990e8b8|||
crowdstrike intelligence confidence assessment high confidence|judgments are based on high-quality information from multiple sources.|has_evidence|9efb566a7eb948e897cad0d77104a284|||
high confidence in the quality and quantity of source information supporting a judgment|does not imply that assessment is an absolute certainty or fact.|implies_uncertainty|9efb566a7eb948e897cad0d77104a284|||
moderate confidence judgments are based on information|is credibly sourced and plausible, but not of sufficient quantity or corroborated sufficiently to warrant a higher level of confidence.|has_potential|9efb566a7eb948e897cad0d77104a284|||
judgments carry an increased probability of being incorrect until more information is available|or corroborated.|requires_additional_information|9efb566a7eb948e897cad0d77104a284|||
low confidence judgments are made where the credibility of source is uncertain,|the information is too fragmented or poorly corroborated enough to make solid analytic inferences.|has_unverified_source|9efb566a7eb948e897cad0d77104a284|||
additional resources find out how to stop adversaries targeting your industry|schedule a free 1:1 intel briefing with a crowdstrike threat intelligence expert today.|adds_resource|9efb566a7eb948e897cad0d77104a284|||
crowdstrike falcon platform|next-gen av|provides|1e23a1bb9e11425bba5b627fb714a287|||
crowdstrike falcon prevent™|sophisticated threats|defends against|1e23a1bb9e11425bba5b627fb714a287|||
ransomware|most profitable method for cybercriminals to monetize unauthorized access into business networks|attribute|cc504e66abe3401a9537453627010190|||
ransom demands|ranging from $1 million to $10 million usd|range|cc504e66abe3401a9537453627010190|||
crowdstrike|services team|employment relationship|ffdf46a4ed154b9fa3d2d3427ae4e2ea|||
ecrime threat actors|exploiting single-factor authentication and unpatched internet-facing applications|threat_vector relationship|ffdf46a4ed154b9fa3d2d3427ae4e2ea|||
boss spider|ransomware threat actors|actor relationship|ffdf46a4ed154b9fa3d2d3427ae4e2ea|||
big game hunting (bgh) ransomware|targeting systems with rdp accessible from the internet|threat_vector relationship|ffdf46a4ed154b9fa3d2d3427ae4e2ea|||
less sophisticated threat actors|operating ransomware variants such as dharma, phobos and globeimposter|actor relationship|ffdf46a4ed154b9fa3d2d3427ae4e2ea|||
rdp brute-force attacks|gain access to systems through rdp exposure|threat_vector relationship|ffdf46a4ed154b9fa3d2d3427ae4e2ea|||
crowdstrike falcon® platform|quickly and effectively identify systems being actively brute-forced via rdp|security tool relationship|ffdf46a4ed154b9fa3d2d3427ae4e2ea|||
"event_simplename=userlogonfailed2 | iplocation remoteaddressip4 | stats values(clientcomputername) as clientcomputernames dc(username) values(logondomain) as logondomains dc(remoteaddressip4) values(logontype_decimal) dc(country) count by event_simplename computername | sort -dc(country)"|query for identifying brute-force rdp attacks|method relationship|ffdf46a4ed154b9fa3d2d3427ae4e2ea|||
circus spider|netwalker ransomware|development|e50bbf0abcde47189cdfde2e56f29b0f|||
twisted spider|maze ransomware|development|e50bbf0abcde47189cdfde2e56f29b0f|||
crowdstrike|campaign in 2020|observation|e50bbf0abcde47189cdfde2e56f29b0f|||
pulse vpn|exploited cves|exploitation|e50bbf0abcde47189cdfde2e56f29b0f|||
crowdstrike|vpn with multifactor authentication|recommendation|e50bbf0abcde47189cdfde2e56f29b0f|||
threat actors|patching cves associated with vpn platform(s)|priority|e50bbf0abcde47189cdfde2e56f29b0f|||
crowdstrike|all remote methods (azure ad and citrix gateway)|inclusion|e50bbf0abcde47189cdfde2e56f29b0f|||
traveling spider|nemty ransomware|development|e50bbf0abcde47189cdfde2e56f29b0f|||
crowdstrike|threat actor traveling spider|observation|e50bbf0abcde47189cdfde2e56f29b0f|||
single-factor authentication|gain access through citrix gateway|exploitation|e50bbf0abcde47189cdfde2e56f29b0f|||
threat actors|microsoft office 365 instance|extortion-related emails|e50bbf0abcde47189cdfde2e56f29b0f|||
bgh ransomware groups|phishing email tactic|entity_relationship|bbb184f9cf784eeab16476de27b45a06|||
restricting users from receiving password-protected zip files|organizations may want to implement|security measure|911befc8808a410082b475f227d868eb|||
external emails|adding an “[external]” tag and a warning message|cybersecurity awareness technique|911befc8808a410082b475f227d868eb|||
users’ access to personal email accounts|organizations should consider restricting|restriction for security purposes|911befc8808a410082b475f227d868eb|||
routine user training, reminders and “phish-me” campaigns|implement a robust security awareness program|awareness building strategy|911befc8808a410082b475f227d868eb|||
endpoint hardening|threat actors exploitation techniques|defensive strategy|a0360e7f8a0f482caac7b6bf27c9734c|||
endpoint security products|alerting in place if sensor goes offline or uninstalled|protection measure|a0360e7f8a0f482caac7b6bf27c9734c|||
vulnerability and patch management program|ransomware actors leverage endpoint vulnerabilities|mitigation strategy|a0360e7f8a0f482caac7b6bf27c9734c|||
active directory|ad downfalls in ransomware engagements|event_related|0def79259e094bdab58b15157fda6326|||
avoid easy-to-guess passwords|weak authentication methods|prevention_against|0def79259e094bdab58b15157fda6326|||
regular domain users with local administrator privileges|local administrator accounts with same passwords across the enterprise|avoid_to_protect|0def79259e094bdab58b15157fda6326|||
limit workstation-to-workstation communication|group policy objects (gpos)|method_for_implementation|0def79259e094bdab58b15157fda6326|||
shared privileged credentials|poor security practices|cause_of|0def79259e094bdab58b15157fda6326|||
privileged access management (pam) solution|scalable and robust solution to the problem of shared administrative accounts|alternative_solution|0def79259e094bdab58b15157fda6326|||
crowdstrike's acquisition of preempt|continuously adding capabilities to zero trust framework|expanding_functionality|0def79259e094bdab58b15157fda6326|||
ransomware-proof|data with offline backups|entity_relationship|e045a382d0464d07926027ccee5ed4aa|||
developers behind malicious code|emergence of ransomware as a top method of monetizing attacks|event_causing_entity|e045a382d0464d07926027ccee5ed4aa|||
threat actors|targeted online backups before deploying ransomware to the environment|attack_vector|e045a382d0464d07926027ccee5ed4aa|||
ransomware-proof offline backup infrastructure|maintaining offline backups of your data allows for a quicker recovery in emergencies|defense_countermeasure|e045a382d0464d07926027ccee5ed4aa|||
offline backups, as well as the indexes (describing which volumes contain which data)|completely separate from the rest of the infrastructure|separation_structure|e045a382d0464d07926027ccee5ed4aa|||
access to such networks|controlled via strict access control lists (acls), and all authentications should be performed using multifactor authentication (mfa)||e045a382d0464d07926027ccee5ed4aa||security_measures|
account passwords|reusing account passwords|entity_relationship|38709bdc56ee4498a9686f3dd2ef8b97|||
jump box|accessing offline backup infrastructure|entity_relationship|38709bdc56ee4498a9686f3dd2ef8b97|||
cloud storage services|offline backup infrastructure|is a type of|38709bdc56ee4498a9686f3dd2ef8b97|||
strict acls and rules|cloud storage services|entity_relationship|38709bdc56ee4498a9686f3dd2ef8b97|||
emergency situations|ransomware attack|entity_relationship|38709bdc56ee4498a9686f3dd2ef8b97|||
offline infrastructure|allowed a connection to the live network|is allowed during|38709bdc56ee4498a9686f3dd2ef8b97|||
carbon spider|sprite spider|threat actors|ff36445dade94d15b513608373a1040b|||
organizations|strengthen their virtualized environments|objective of cybersecurity measures|ff36445dade94d15b513608373a1040b|||
fully patched|endpoints have proper monitoring in place|security measures|ff36445dade94d15b513608373a1040b|||
passwords|ensure unique to each esxi host, web client and are strong/complex|password security settings|ff36445dade94d15b513608373a1040b|||
identity protection modules|falcon zero trust and falcon identity threat detection|used_in|bfbc762dd2cc492ea214639ea8d037a3|||
deployment method of iam program|existing falcon instance|deployed_on|bfbc762dd2cc492ea214639ea8d037a3|||
adaptive capabilities platform|enterprise security|used_in|bfbc762dd2cc492ea214639ea8d037a3|||
iam platform|falcon identity protection|tool|46e1e9110c704d368e4968e9358019fa|||
credential exploitation|risky protocols|security concern|46e1e9110c704d368e4968e9358019fa|||
accounts|mfa/2fa or blocked|mitigation strategy|46e1e9110c704d368e4968e9358019fa|||
bgh ransomware groups|compromised accounts attack||46e1e9110c704d368e4968e9358019fa||attack vector|
threat actor activity|ad environment detection|detection process|46e1e9110c704d368e4968e9358019fa|||
lack of visibility|intelligence understanding||46e1e9110c704d368e4968e9358019fa||information barrier|
threat actor activity|speedy decision making|response process|46e1e9110c704d368e4968e9358019fa|||
security team|front-line responders||46e1e9110c704d368e4968e9358019fa||decision-making support|
ransomware alert|security team responsibility|alert_responsibility|8f86217498754ed682b6d4f6779a82bb|||
crisis management plan|incident response plan|plan_relationship|8f86217498754ed682b6d4f6779a82bb|||
regular tabletop exercises|testing incident response plan|test_response_plan|8f86217498754ed682b6d4f6779a82bb|||
purple team engagement|simulated ransomware exercise|exercise_type|8f86217498754ed682b6d4f6779a82bb|||
organizations|regular exercising of incident response plan|plan_expected|8f86217498754ed682b6d4f6779a82bb|||
threat actors|organizations falling victim to ransomware campaigns|affected by|c7554535ad474378800e419f492abfe9|||
ransom demands|seven digits costly ransoms|indicator of|c7554535ad474378800e419f492abfe9|||
multifactor authentication|implementation in countering threat actors|countermeasure for|c7554535ad474378800e419f492abfe9|||
endpoint and active directory infrastructure hardening|resiliency to ransomware attacks|improves resilience against|c7554535ad474378800e419f492abfe9|||
security-in-depth principles|blocking threat actors before achieving objectives|key concept for|c7554535ad474378800e419f492abfe9|||
1-10-60 benchmark time|detect, investigate and remediate processes|defines process duration|c7554535ad474378800e419f492abfe9|||
recent intrusion trends report|crowdstrike 2021 global threat report|source for learning about threat actors|c7554535ad474378800e419f492abfe9|||
